name,url,current_price,original_price,discount_pct,rating,review_count
AILYONS FK-0301 Stainless Steel 2.0L Electric Kettle-Black,https://www.jumia.co.ke/ailyons-fk-0301-stainless-steel-2.0l-electric-kettle-black-34080919.html,490,1399,65,3.9,3
"Sonar Stainless Steel 1.8Ltr Electric Kettle,1.5m Power Cord,1500W Fast Boil - Silver & Black (1YR WRTY)",https://www.jumia.co.ke/sonar-stainless-steel-1.8ltr-electric-kettle1.5m-power-cord1500w-fast-boil-silver-black-1yr-wrty-286282202.html,490,749,35,3.9,3
Sonar SR-A3 Hot & Normal Water Dispenser - Plastic - 300x290x840mm - Black,https://www.jumia.co.ke/sonar-sr-a3-hot-normal-water-dispenser-plastic-300x290x840mm-black-325716419.html,2110,3999,47,3.9,3
Em ElectroMate Water Dispenser with Hot and Normal White Water Dispenser WD01,https://www.jumia.co.ke/em-electromate-water-dispenser-with-hot-and-normal-white-water-dispenser-wd01-279130723.html,2299,5199,56,3.8,3
Vivo 2PCS fibre Pillows Filter Memory Foam Comfortable Home Bedroom Bedding Accessories White With Dots,https://www.jumia.co.ke/vivo-2pcs-fibre-pillows-filter-memory-foam-comfortable-home-bedroom-bedding-accessories-white-with-dots-327839230.html,440,699,37,4.3,4
AILYONS 2L Stainless Steel Electric Kettle | 1500W Fast Boil | Auto Shut-Off | Boil Dry Protection | 1 Year Warranty,https://www.jumia.co.ke/ailyons-2l-stainless-steel-electric-kettle-1500w-fast-boil-auto-shut-off-boil-dry-protection-1-year-warranty-327619366.html,470,570,18,4.0,4
"Sonar X2 Stainless Steel 2.0L Electric Kettle, 1.5M Power Cord, 1500W Fast Boil - Silver & Black (1YR WRTY)",https://www.jumia.co.ke/sonar-x2-stainless-steel-2.0l-electric-kettle-1.5m-power-cord-1500w-fast-boil-silver-black-1yr-wrty-328048000.html,530,650,19,4.0,4
Lyons Electric Dry Iron 1000W Non-Stick Soleplate Fast Heating Iron Box AN-2005,https://www.jumia.co.ke/lyons-electric-dry-iron-1000w-non-stick-soleplate-fast-heating-iron-box-an-2005-327792798.html,650,750,13,3.9,3
Em Dry Iron Box 1000W with 5-Gear Temperature Control - Bluw/White IB01 (1YR WRTY),https://www.jumia.co.ke/em-dry-iron-box-1000w-with-5-gear-temperature-control-bluwwhite-ib01-1yr-wrty-279458590.html,649,1399,54,3.8,3
Smartraha life RahaLife 130CM 3 Column Portable Fabric Cloth Wardrobe Wardrobe - Gray 8 Shelves & Hanging Section,https://www.jumia.co.ke/smartraha-life-rahalife-130cm-3-column-portable-fabric-cloth-wardrobe-wardrobe-gray-8-shelves-hanging-section-325847039.html,1739,4500,61,3.8,3
"Em Blender 2 In 1 Grinding Machine With Durable Motor 1.5L, Black  BD02",https://www.jumia.co.ke/em-blender-2-in-1-grinding-machine-with-durable-motor-1.5l-black-bd02-316266873.html,1439,3699,61,3.8,3
Rashnik Electric Water Dispenser Pump - Black,https://www.jumia.co.ke/rashnik-electric-water-dispenser-pump-black-189505813.html,387,463,16,4.3,4
Hisense REF094DR Fridge 94 Liters Single Door 94 L Fridge 94ltr Refrigerator 94L Fridge - Silver (2YRs WRTY),https://www.jumia.co.ke/hisense-ref094dr-fridge-94-liters-single-door-94-l-fridge-94ltr-refrigerator-94l-fridge-silver-2yrs-wrty-283761286.html,15350,25399,40,4.2,4
"Smartraha life SmartRahaLife 3 Pieces Motivational Big Water Bottle Set – BPA-Free Sports Flask with Time Marker, Large Capacity 1200ml/700ml/260ml, Black Fitness Jug for Gym & Daily Use",https://www.jumia.co.ke/smartraha-life-smartrahalife-3-pieces-motivational-big-water-bottle-set-bpa-free-sports-flask-with-time-marker-large-capacity-1200ml700ml260ml-black-fitness-jug-for-gym-daily-use-327300039.html,719,1200,40,4.0,4
Rashnik Manual Water Dispenser Pump,https://www.jumia.co.ke/rashnik-manual-water-dispenser-pump-167050199.html,275,315,13,4.0,4
Ramtons RM/399-corded Electric Kettle 1.7 Ltrs- White (1YR WRTY),https://www.jumia.co.ke/ramtons-rm399-corded-electric-kettle-1.7-ltrs-white-1yr-wrty-177871890.html,1129,1965,43,4.0,4
Smartraha life RahaLife 5-layer Shoe Rack/Coat Rack/Cap Scarf Bag Cloths Hanger Household Storage Bedroom,https://www.jumia.co.ke/smartraha-life-rahalife-5-layer-shoe-rackcoat-rackcap-scarf-bag-cloths-hanger-household-storage-bedroom-325925029.html,1050,2999,65,4.0,4
"Nunix 50 * 55cm Cooker - 3 Gas Burners, 1 Electric Hotplate + Gas Oven (1YR WRTY)",https://www.jumia.co.ke/nunix-50-55cm-cooker-3-gas-burners-1-electric-hotplate-gas-oven-1yr-wrty-187877732.html,13999,23999,42,3.9,3
Sonar SR-B5C Hot & Cold Standing Water Dispenser - Black/Golden (1YR WRTY),https://www.jumia.co.ke/sonar-sr-b5c-hot-cold-standing-water-dispenser-blackgolden-1yr-wrty-305045947.html,3300,5000,34,3.8,3
"Mosquito Net With Metallic Stand,,",https://www.jumia.co.ke/generic-mosquito-net-with-metallic-stand-35044311.html,1199,2500,52,3.9,3
"Multicolor Duvet Blanket, Sheet, 2 Pillow Cases - Blue",https://www.jumia.co.ke/generic-multicolor-duvet-blanket-sheet-2-pillow-cases-blue-34843445.html,1499,2900,54,3.7,3
Ramtons RM/458 - Digital Glass Microwave (1YR WRTY),https://www.jumia.co.ke/ramtons-rm458-digital-glass-microwave-1yr-wrty-177871846.html,7700,12155,37,4.5,4
AILYONS AFK-111 Water Dispenser Hot And Normal With Storage Cabinet - White and Blue (1YR WRTY),https://www.jumia.co.ke/ailyons-afk-111-water-dispenser-hot-and-normal-with-storage-cabinet-white-and-blue-1yr-wrty-118096692.html,2499,4999,50,3.9,3
"VIVO MATTRESS Quilted High Density Foam Mattress - Orthopedic Back Support, Pressure Relief, Assorted Design",https://www.jumia.co.ke/vivo-mattress-quilted-high-density-foam-mattress-orthopedic-back-support-pressure-relief-assorted-design-327829413.html,4550,5550,55,4.8,4
VON VART-19DHS Double Door Fridge 136L - Silver (1YR WRTY),https://www.jumia.co.ke/von-vart-19dhs-double-door-fridge-136l-silver-1yr-wrty-267725143.html,24299,43995,45,4.2,4
"Sundabest High Quality 2L Vacuum Flask, White",https://www.jumia.co.ke/sundabest-high-quality-2l-vacuum-flask-white-325378843.html,650,999,35,3.9,3
Smartraha life RahaLife 130CM 3 Column Metallic Wardrobe-Black,https://www.jumia.co.ke/smartraha-life-rahalife-130cm-3-column-metallic-wardrobe-black-325847678.html,1639,4500,64,4.0,4
Hisense WSQB753W 7.5Kg Twin Tub Top Load Washing Machine - White (2YRS WRTY),https://www.jumia.co.ke/hisense-wsqb753w-7.5kg-twin-tub-top-load-washing-machine-white-2yrs-wrty-284340554.html,17280,26199,34,4.4,4
Nunix 5 Layer Shoe Rack – black,https://www.jumia.co.ke/nunix-5-layer-shoe-rack-black-184490839.html,600,,,3.7,3
Nunix Nunix Aluminium Pressure Cooker - Explosion Proof - 4 Litres - Silver,https://www.jumia.co.ke/nunix-nunix-aluminium-pressure-cooker-explosion-proof-4-litres-silver-169297388.html,1999,,,3.9,3
Hisense H20MOMS11 - 20 Liters Microwave - White (2YRs WRTY),https://www.jumia.co.ke/hisense-h20moms11-20-liters-microwave-white-2yrs-wrty-315502918.html,7280,12399,41,4.3,4
"Em BD01 Blender 2 In 1 Grinding Machine With Durable Motor 1.5L, White (1YR WRTY)",https://www.jumia.co.ke/em-bd01-blender-2-in-1-grinding-machine-with-durable-motor-1.5l-white-1yr-wrty-279444688.html,1399,2699,48,3.7,3
Portable USB Rechargeable Wireless Water Dispenser Electric Water Pump Drinking Water Bottle,https://www.jumia.co.ke/generic-portable-usb-rechargeable-wireless-water-dispenser-electric-water-pump-drinking-water-bottle-325263078.html,460,1340,66,4.2,4
Mythco 46Pcs Socket Wrench Set - Auto Repair Tool Kit Black Ratchet,https://www.jumia.co.ke/mythco-46pcs-socket-wrench-set-auto-repair-tool-kit-black-ratchet-190325324.html,870,1668,48,3.9,3
"Em  Electromate 1000W Dry Iron box- Plastic, 5-Gear Temperature Control, Non-Stick Soleplate GREY IR01G",https://www.jumia.co.ke/em-electromate-1000w-dry-iron-box-plastic-5-gear-temperature-control-non-stick-soleplate-grey-ir01g-328069214.html,649,1499,57,4.2,4
Em 6L Single Tank Energy Efficient Double Electric Chips /Chicken /Mandazi Deep Fryer Machine _ Silver EF01 (1 YR WRTY),https://www.jumia.co.ke/em-6l-single-tank-energy-efficient-double-electric-chips-chicken-mandazi-deep-fryer-machine-silver-ef01-1-yr-wrty-325747781.html,2888,7999,64,3.9,3
Smartraha life RahaLife 105CM 3 Column Portable Fabric Cloth Wardrobe Wardrobe - Navy 8 Shelves & Hanging Section,https://www.jumia.co.ke/smartraha-life-rahalife-105cm-3-column-portable-fabric-cloth-wardrobe-wardrobe-navy-8-shelves-hanging-section-326499620.html,1619,4099,61,3.6,3
HOMMY 1 Pair  plus 1 free pure white -fibre filled pillow,https://www.jumia.co.ke/hommy-1-pair-plus-1-free-pure-white-fibre-filled-pillow-325385301.html,729,1500,51,4.0,4
KITCHA 3PCS Large Capacity Plastic Water Bottle Set – 1200ML Car Tumbler with Handle & Straw + 700ML Sports Bottle + 260ML Mini Cup – Reusable Drinking Cups,https://www.jumia.co.ke/kitcha-3pcs-large-capacity-plastic-water-bottle-set-1200ml-car-tumbler-with-handle-straw-700ml-sports-bottle-260ml-mini-cup-reusable-drinking-cups-326564771.html,799,1608,50,3.7,3
"Em Blender 2 In 1 Grinding Machine With Durable Motor 1.6L, Black BD04",https://www.jumia.co.ke/em-blender-2-in-1-grinding-machine-with-durable-motor-1.6l-black-bd04-316266960.html,1599,3999,60,4.0,4
Ramtons RM/591- 3lt Cordless Kettle (1YR WRTY),https://www.jumia.co.ke/ramtons-rm591-3lt-cordless-kettle-1yr-wrty-177871891.html,1819,3150,42,4.3,4
Em 7 Speed Hand Mixer High Power Electric Hand Mixer,https://www.jumia.co.ke/em-7-speed-hand-mixer-high-power-electric-hand-mixer-316270800.html,699,1999,65,3.3,3
Rashnik Rn-999 2 In 1 Blender & Grinder –1.5l – 350w - Green(6 Months WRTY),https://www.jumia.co.ke/rashnik-rn-999-2-in-1-blender-grinder-1.5l-350w-green6-months-wrty-327846909.html,1390,1716,19,4.4,4
Sonar SR-B3 Hot and Normal Standing Water Dispenser - Black (1YR WRTY),https://www.jumia.co.ke/sonar-sr-b3-hot-and-normal-standing-water-dispenser-black-1yr-wrty-304353430.html,2390,3000,20,4.1,4
"Ramtons RF/203, 2 Door Direct Cool Fridge, 128 Litres - Silver(1YR WRTY)",https://www.jumia.co.ke/ramtons-rf203-2-door-direct-cool-fridge-128-litres-silver1yr-wrty-258698033.html,24999,38110,34,4.1,4
Em Heavy Duty Commercial Pro Blender + Grinder Jar COMMERCIAL HEAVY DUTY Blender High speed for easy operations Sharp. 2L large capacity DURABLE BD05,https://www.jumia.co.ke/em-heavy-duty-commercial-pro-blender-grinder-jar-commercial-heavy-duty-blender-high-speed-for-easy-operations-sharp.-2l-large-capacity-durable-bd05-323137548.html,2299,5999,62,3.9,3
Nice One Set of 6pcs 215ML High Quality Glass Whiskey Beer Glass Glassware Cup 60138 GLASS CUP (XM),https://www.jumia.co.ke/nice-one-set-of-6pcs-215ml-high-quality-glass-whiskey-beer-glass-glassware-cup-60138-glass-cup-xm-325666074.html,559,999,44,4.2,4
Em WD02 Water Dispenser Hot And Normal With Storage Cabinet - Black Standing Design Water Dispenser WD02 (1YR WRTY),https://www.jumia.co.ke/em-wd02-water-dispenser-hot-and-normal-with-storage-cabinet-black-standing-design-water-dispenser-wd02-1yr-wrty-317966472.html,2599,4999,48,3.9,3
Digital Display Thermos Cup Coffee Cup Mug,https://www.jumia.co.ke/generic-digital-display-thermos-cup-coffee-cup-mug-323021756.html,667,1001,33,4.4,4
"AILYONS B-1731 2-in-1 Blender with Grinder, 1.5L, White & Green, ABS Plastic, 3 Speeds, Safety Lock",https://www.jumia.co.ke/ailyons-b-1731-2-in-1-blender-with-grinder-1.5l-white-green-abs-plastic-3-speeds-safety-lock-27035910.html,1499,2599,42,3.7,3
Mosquito Net With Metallic Stand - Pink,https://www.jumia.co.ke/mosquito-net-with-metallic-stand-pink-generic-mpg220603.html,1199,2500,52,4.0,4
Ramtons RM/609-cordless Electric Kettle 1.7 Litres- Black & Red (1YR WRTY),https://www.jumia.co.ke/ramtons-rm609-cordless-electric-kettle-1.7-litres-black-red-1yr-wrty-177871914.html,1199,2125,44,4.1,4
Ramtons Steam Iron - Non Stick Sole Plate - RM/694 (1YR WRTY),https://www.jumia.co.ke/ramtons-steam-iron-non-stick-sole-plate-rm694-1yr-wrty-326563920.html,1550,2295,33,4.5,4
Nunix 5 Layer Shoe Rack Black (Smaller Design) SR5L,https://www.jumia.co.ke/nunix-5-layer-shoe-rack-black-smaller-design-sr5l-160082187.html,440,599,27,3.5,3
Lyons GK-022  Two Burner Glass Top & Infrared Double Burner (1YR WRTY),https://www.jumia.co.ke/lyons-gk-022-two-burner-glass-top-infrared-double-burner-1yr-wrty-309552668.html,1899,3399,44,3.9,3
Nunix Free Standing Cooker 50*55 4-Gas Oven Cooker (WLD-560-GO),https://www.jumia.co.ke/nunix-free-standing-cooker-5055-4-gas-oven-cooker-wld-560-go-325508531.html,12999,15132,14,3.9,3
Smartraha life RahaLife 18inch Stainless Steel Dish Rack-2 Tier,https://www.jumia.co.ke/smartraha-life-rahalife-18inch-stainless-steel-dish-rack-2-tier-326516961.html,999,2899,66,4.2,4
"AILYONS AILYONS 1.6L 350W 2-in-1 Blender & Grinder - Stainless Steel Blades, 4-Speed, Leak Resistant",https://www.jumia.co.ke/ailyons-ailyons-1.6l-350w-2-in-1-blender-grinder-stainless-steel-blades-4-speed-leak-resistant-318231380.html,1870,4500,58,4.1,4
"VON VAMS-20MGX - Manual Microwave Oven, Solo - 20L-Black(1YR WRTY)",https://www.jumia.co.ke/von-vams-20mgx-manual-microwave-oven-solo-20l-black1yr-wrty-284853024.html,6799,11995,43,4.4,4
CYFAZA 5-Tiers Shoe Rack Storage Organizer 18 Pairs Large Capacity,https://www.jumia.co.ke/cyfaza-5-tiers-shoe-rack-storage-organizer-18-pairs-large-capacity-306426729.html,1099,2005,45,3.8,3
Nunix Aluminium Pressure Cooker - Explosion Proof - 7  Litres - Silver,https://www.jumia.co.ke/nunix-aluminium-pressure-cooker-explosion-proof-7-litres-silver-169297390.html,2260,2500,10,4.1,4
Rashnik Rn-999 2 In 1 Blender & Grinder –1.5l – 350w - Red(6 Months WRTY),https://www.jumia.co.ke/rashnik-rn-999-2-in-1-blender-grinder-1.5l-350w-red6-months-wrty-327846908.html,1440,1716,16,3.8,3
500ML 304 Stainless Steel Vacuum Insulated Bottle Gift Set,https://www.jumia.co.ke/generic-500ml-304-stainless-steel-vacuum-insulated-bottle-gift-set-230713308.html,663,2010,67,3.7,3
Mythco 25-in-1 Small Precision Screwdriver Set Magnetic Mini Repair Tool Kit,https://www.jumia.co.ke/mythco-25-in-1-small-precision-screwdriver-set-magnetic-mini-repair-tool-kit-190325279.html,269,745,64,4.4,4
Smartraha life RahaLife 130CM 3 Column Portable Fabric Cloth Wardrobe Wardrobe - Purple 8 Shelves & Hanging Section,https://www.jumia.co.ke/smartraha-life-rahalife-130cm-3-column-portable-fabric-cloth-wardrobe-wardrobe-purple-8-shelves-hanging-section-325847619.html,1699,4500,62,3.6,3
Em ElectroMate Sandwich Maker Toaster 2-Slice Non-Stick 750W Black SM01 (1YR WRTY),https://www.jumia.co.ke/em-electromate-sandwich-maker-toaster-2-slice-non-stick-750w-black-sm01-1yr-wrty-279219008.html,1429,2699,47,4.1,4
Sundabest 2ltr Stainless Steel Thermal Vacuum Flask (20177),https://www.jumia.co.ke/sundabest-2ltr-stainless-steel-thermal-vacuum-flask-20177-249504962.html,650,999,35,3.8,3
CREAM Mosquito Net With Portable Metallic Stand,https://www.jumia.co.ke/generic-cream-mosquito-net-with-portable-metallic-stand-251834362.html,1168,1370,15,3.9,3
Rashnik 2 Burner Gas Table Top Cooker (Rn-1529B) - Black,https://www.jumia.co.ke/rashnik-2-burner-gas-table-top-cooker-rn-1529b-black-191889140.html,1460,1870,22,3.8,3
Egg Boiler 7Eggs Electric Egg Steamer And Poacher.,https://www.jumia.co.ke/generic-egg-boiler-7eggs-electric-egg-steamer-and-poacher.-325786531.html,879,2000,56,4.2,4
"Best Quality 4Pcs Set Of Stainless Aluminum Sufuria WITH Lids.,(1-4)",https://www.jumia.co.ke/generic-best-quality-4pcs-set-of-stainless-aluminum-sufuria-with-lids.1-4-284466568.html,1150,2000,43,3.5,3
"Purple Round Mosquito Net - Free Size, Polyester, Easy Assembly",https://www.jumia.co.ke/big-purple-round-mosquito-net-for-single-bed-free-size.-generic-mpg316020.html,789,1500,47,3.9,3
4pcs Duvet Comforter Set Duvet Blanket Starry Sky Bedding Set 1 Soft Microfiber Polyester Comforter 1 White Sheet 2 White Pillowcases,https://www.jumia.co.ke/generic-4pcs-duvet-comforter-set-duvet-blanket-starry-sky-bedding-set-1-soft-microfiber-polyester-comforter-1-white-sheet-2-white-pillowcases-325914993.html,1699,2500,32,3.7,3
Smartraha life RahaLife 130CM 3 Column Portable Fabric Cloth Wardrobe Wardrobe - Maroon 8 Shelves & Hanging Section,https://www.jumia.co.ke/smartraha-life-rahalife-130cm-3-column-portable-fabric-cloth-wardrobe-wardrobe-maroon-8-shelves-hanging-section-325847646.html,1739,4500,61,4.0,4
Glamstar Blender 2-IN-1 1.75L GBL-205-D (1YR WRNTY).,https://www.jumia.co.ke/glamstar-blender-2-in-1-1.75l-gbl-205-d-1yr-wrnty.-328300967.html,1499,4999,70,3.9,3
"3D Acrylic DIY Wall Clock, Silent Creative Number Clock for Living Room & Bedroom Decor",https://www.jumia.co.ke/generic-3d-acrylic-diy-wall-clock-silent-creative-number-clock-for-living-room-bedroom-decor-325093388.html,275,1327,79,4.0,4
USB Powered Remote Control 20-Color Sunset Lamp/Projector Night Light,https://www.jumia.co.ke/generic-usb-powered-remote-control-20-color-sunset-lampprojector-night-light-325747995.html,509,2010,75,4.5,4
"CYFAZA 5-Tier Metal Shoe Rack Hat Rack, Entryway Durable Storage Organizer",https://www.jumia.co.ke/cyfaza-5-tier-metal-shoe-rack-hat-rack-entryway-durable-storage-organizer-306426730.html,1600,3006,47,3.7,3
"Glamstar GFR-120S-M, 90L Single Door Fridge (1YR WRNTY).",https://www.jumia.co.ke/glamstar-gfr-120s-m-90l-single-door-fridge-1yr-wrnty.-328300921.html,13530,18999,29,4.5,4
"Smartraha life 105CM 3 Columns Portable Wardrobe - Grey, 8 Shelves, Stainless Steel Frame, Dust-Proof Fabric",https://www.jumia.co.ke/smartraha-life-105cm-3-columns-portable-wardrobe-grey-8-shelves-stainless-steel-frame-dust-proof-fabric-326499654.html,1679,4099,59,3.5,3
Electric Cooker / Single Spiral Coil Hotplate,https://www.jumia.co.ke/electric-cooker-single-spiral-coil-hotplate-generic-mpg10302390.html,743,1999,63,3.9,3
Lyons AN-2005 Electric Dry Iron Box 10s HEAT UP- 1000W Black(1YR WRTY),https://www.jumia.co.ke/lyons-an-2005-electric-dry-iron-box-10s-heat-up-1000w-black1yr-wrty-308795011.html,729,899,19,3.8,3
Ramtons RM/672 - 20lt Manual Microwave - Black (1YR WRTY),https://www.jumia.co.ke/ramtons-rm672-20lt-manual-microwave-black-1yr-wrty-177871935.html,6956,11025,37,4.4,4
Smartraha life 105CM 2 Columns Portable Fabric Cloth Wardrobe Wardrobe - Navy 6 Shelves & Hanging Section,https://www.jumia.co.ke/smartraha-life-105cm-2-columns-portable-fabric-cloth-wardrobe-wardrobe-navy-6-shelves-hanging-section-327664847.html,1569,3999,61,3.9,3
Em Bottom load Water Dispenser with Hot and Cold and Normal Water Dspenser Black Standing Design water dispenser WD07,https://www.jumia.co.ke/em-bottom-load-water-dispenser-with-hot-and-cold-and-normal-water-dspenser-black-standing-design-water-dispenser-wd07-324968591.html,6499,9999,35,3.9,3
Globalstar electric iron GS-1172,https://www.jumia.co.ke/globalstar-electric-iron-gs-1172-328076708.html,899,1668,46,3.9,3
Mythco 20-Color Sunset Lamp/Projector with Remote Control USB Powered Night Light,https://www.jumia.co.ke/mythco-20-color-sunset-lampprojector-with-remote-control-usb-powered-night-light-270797207.html,610,1020,40,4.4,4
"Glamstar GMW-20LM-A (B), 20L Manual Microwave (1YR WRNTY).",https://www.jumia.co.ke/glamstar-gmw-20lm-a-b-20l-manual-microwave-1yr-wrnty.-328301230.html,5499,7999,31,4.9,4
"CYFAZA 3-Stage Knife Sharpener with Cut-Resistant Glove, Kitchen Blade Sharpening Tool for Repairing, Sharpening and Polishing",https://www.jumia.co.ke/cyfaza-3-stage-knife-sharpener-with-cut-resistant-glove-kitchen-blade-sharpening-tool-for-repairing-sharpening-and-polishing-313673995.html,299,402,26,3.8,3
"Pink Round Mosquito Net - Free Size, Polyester, Easy Assembly",https://www.jumia.co.ke/big-pink-round-mosquito-net-for-single-bed-free-size.-generic-mpg316019.html,789,1500,47,3.8,3
Double Layer Electric Egg Boiler Automatic Off 14 Egg Poacher,https://www.jumia.co.ke/generic-double-layer-electric-egg-boiler-automatic-off-14-egg-poacher-326324434.html,1070,2000,47,4.4,4
CYFAZA 200g X 0.01g Mini Digital Grams Scale Pocket Jewelry Scale Small Food Scale Kitchen,https://www.jumia.co.ke/cyfaza-200g-x-0.01g-mini-digital-grams-scale-pocket-jewelry-scale-small-food-scale-kitchen-312374461.html,525,1001,48,4.5,4
Em AUTO Ignition Table Top Stainless Steel 2 Burner Gas Cooker SGS001 (1YR WRTY).,https://www.jumia.co.ke/em-auto-ignition-table-top-stainless-steel-2-burner-gas-cooker-sgs001-1yr-wrty.-306374611.html,1399,2599,46,3.8,3
Gen 6 Pcs Stainless Steel Square Plate With Lid,https://www.jumia.co.ke/gen-6-pcs-stainless-steel-square-plate-with-lid-325389766.html,3000,4421,32,4.3,4
"CYFAZA Handheld Sewing Machine Mini Portable Cordless Stitching Machine, Perfect for Adults, Beginners, and Quick Home Repairs",https://www.jumia.co.ke/cyfaza-handheld-sewing-machine-mini-portable-cordless-stitching-machine-perfect-for-adults-beginners-and-quick-home-repairs-313556539.html,685,1323,48,3.1,3
"CYFAZA Measuring Cups And Spoons, 10-Piece Set, Plastic, Black",https://www.jumia.co.ke/cyfaza-measuring-cups-and-spoons-10-piece-set-plastic-black-313668652.html,299,410,27,4.5,4
"Em Fan 18 Inch Floor Standing Fan - Height,Tilting Angle Adjustment  (1YR WRTY)",https://www.jumia.co.ke/em-fan-18-inch-floor-standing-fan-heighttilting-angle-adjustment-1yr-wrty-326323842.html,2399,3999,40,3.5,3
Healthy weight Scale Body Scales Weighing Meter Intelligent Electronic Scales,https://www.jumia.co.ke/generic-healthy-weight-scale-body-scales-weighing-meter-intelligent-electronic-scales-325547710.html,737,1206,39,4.7,4
AILYONS AFK-112 Water Dispenser Hot Cold And Normal - Silver (1YR WRTY),https://www.jumia.co.ke/ailyons-afk-112-water-dispenser-hot-cold-and-normal-silver-1yr-wrty-124291852.html,5799,8499,32,4.0,4
"KITCHA Electric Egg Boiler Cooker 14 Eggs Capacity Double-Layer Multifunction Heated Milk,Heated Food",https://www.jumia.co.ke/kitcha-electric-egg-boiler-cooker-14-eggs-capacity-double-layer-multifunction-heated-milkheated-food-326553937.html,1229,2680,54,4.4,4
Double Layer Electric Egg Boiler Automatic Off 14 Egg Poacher,https://www.jumia.co.ke/generic-double-layer-electric-egg-boiler-automatic-off-14-egg-poacher-326848315.html,970,2000,52,4.5,4
Smartraha life 105CM 2 Columns Portable Fabric Cloth Wardrobe Wardrobe - Grey 6 Shelves & Hanging Section,https://www.jumia.co.ke/smartraha-life-105cm-2-columns-portable-fabric-cloth-wardrobe-wardrobe-grey-6-shelves-hanging-section-327664865.html,1559,3999,61,4.0,4
Nunix Aluminium Pressure Cooker - Explosion Proof - 5 Litres - Silver,https://www.jumia.co.ke/nunix-aluminium-pressure-cooker-explosion-proof-5-litres-silver-169297389.html,2099,2400,13,4.0,4
"Smartraha life 3 Pieces Motivational Navy Water Bottle Set – BPA-Free Sports Flask with Time Marker, Large Capacity 1200ml/700ml/260ml, Black Fitness Jug for Gym & Daily Use",https://www.jumia.co.ke/smartraha-life-3-pieces-motivational-navy-water-bottle-set-bpa-free-sports-flask-with-time-marker-large-capacity-1200ml700ml260ml-black-fitness-jug-for-gym-daily-use-328437806.html,729,1200,39,3.0,3
Lyons FY-B906 Stainless Steel 2 In 1 Blender With Unbreakable Jar & Grinder Machine 1.5L - 350W (1YR WRTY),https://www.jumia.co.ke/lyons-fy-b906-stainless-steel-2-in-1-blender-with-unbreakable-jar-grinder-machine-1.5l-350w-1yr-wrty-306678451.html,2059,3899,47,4.3,4
"Mythco 2 Pack Tactical Flashlights Torch, 5 Modes 3000 High Lumens Led",https://www.jumia.co.ke/mythco-2-pack-tactical-flashlights-torch-5-modes-3000-high-lumens-led-297592773.html,699,1000,30,3.7,3
"Smartraha life 3 Pieces Motivational Black Water Bottle Set – BPA-Free Sports Flask with Time Marker, Large Capacity 1200ml/700ml/260ml, Black Fitness Jug for Gym & Daily Use",https://www.jumia.co.ke/smartraha-life-3-pieces-motivational-black-water-bottle-set-bpa-free-sports-flask-with-time-marker-large-capacity-1200ml700ml260ml-black-fitness-jug-for-gym-daily-use-328422490.html,739,1200,38,3.3,3
"EAGEAT Create Your Own Sunset! 16-Color RGB Projector Night Light with Remote, for Bedroom Decor & Ambiance",https://www.jumia.co.ke/eageat-create-your-own-sunset-16-color-rgb-projector-night-light-with-remote-for-bedroom-decor-ambiance-325941184.html,345,1608,79,4.5,4
Smartraha life RahaLife 7 Layers Shoes Racks Assemble Shelves Storage Organizing Rack Small furniturer High-footed design,https://www.jumia.co.ke/smartraha-life-rahalife-7-layers-shoes-racks-assemble-shelves-storage-organizing-rack-small-furniturer-high-footed-design-325848293.html,849,1299,35,3.8,3
Smartraha life RahaLife 20nch Stainless Steel Dish Rack-2 Tier,https://www.jumia.co.ke/smartraha-life-rahalife-20nch-stainless-steel-dish-rack-2-tier-326516994.html,1068,2999,64,4.1,4
Smartraha life RahaLife Stainless Steel Pots 5pcs pots 5pcs lids Cookware Sets,https://www.jumia.co.ke/smartraha-life-rahalife-stainless-steel-pots-5pcs-pots-5pcs-lids-cookware-sets-326819239.html,3299,8999,63,3.6,3
"KITCHA 470ml Glass Olive Oil Sprayer & Dispenser 2 in 1 – Food Grade BPA Free Oil Spray Bottle with Portion Control for Cooking, Salad, Frying & BBQ (Green)",https://www.jumia.co.ke/kitcha-470ml-glass-olive-oil-sprayer-dispenser-2-in-1-food-grade-bpa-free-oil-spray-bottle-with-portion-control-for-cooking-salad-frying-bbq-green-326560259.html,649,1340,52,4.4,4
4Pcs Set Of Stainless Aluminum Sufuria cooking sufuria Size 1 2 3 4 plus free 6 spoons -without Lids,https://www.jumia.co.ke/generic-4pcs-set-of-stainless-aluminum-sufuria-cooking-sufuria-size-1-2-3-4-plus-free-6-spoons-without-lids-325239523.html,899,1500,40,3.5,3
"VON VRT-195DRHS Double Door Direct Cool Fridge - 195L, Dark Silver  (1YR WRTY)",https://www.jumia.co.ke/von-vrt-195drhs-double-door-direct-cool-fridge-195l-dark-silver-1yr-wrty-305389486.html,29999,48995,39,4.4,4
Rashnik Rn-1160 (2.3 Ltr Power 1500 Watts)outer Layer Plastic Inside Steel – Black,https://www.jumia.co.ke/rashnik-rn-1160-2.3-ltr-power-1500-wattsouter-layer-plastic-inside-steel-black-327847161.html,870,1150,24,3.4,3
"OLELON 2-Burner Gas Cooker - Stainless Steel, Black, Auto Ignition, Includes 6kg Regulator & Pipe",https://www.jumia.co.ke/olelon-2-burner-gas-cooker-stainless-steel-black-auto-ignition-includes-6kg-regulator-pipe-325448741.html,2045,4000,49,3.7,3
4Pcs sufuria with Free Scrubber,https://www.jumia.co.ke/generic-4pcs-sufuria-with-free-scrubber-326365057.html,846,1500,44,3.3,3
Em Electromate 12 LITRES STAINLESS STEEL 12L Double TANK Energy Efficient Double Electric Chips /Chicken /MANDAZIS Deep Fryer Machine EF02,https://www.jumia.co.ke/em-electromate-12-litres-stainless-steel-12l-double-tank-energy-efficient-double-electric-chips-chicken-mandazis-deep-fryer-machine-ef02-325818662.html,5788,9999,42,3.9,3
Mosquito Net With Metallic Stand - White,https://www.jumia.co.ke/generic-mosquito-net-with-metallic-stand-white-287801498.html,1178,2500,53,3.9,3
UPHUI Water Extractor Automatic Water Bottle Pump USB Rechargeable Electric Water Bottle Filler Dispenser Portable Universal Water Bottle Pump,https://www.jumia.co.ke/generic-uphui-water-extractor-automatic-water-bottle-pump-usb-rechargeable-electric-water-bottle-filler-dispenser-portable-universal-water-bottle-pump-319057962.html,1340,,,4.4,4
